synthv1 (0.8.4-34) unstable; urgency=low

  * A Late-Summer'17 release.

 -- Rui Nuno Capela <rncbc@rncbc.org>  Tue, 22 Aug 2017 18:00:00 +0000

synthv1 (0.8.3-33) unstable; urgency=low

  * A Summer'17 release.

 -- Rui Nuno Capela <rncbc@rncbc.org>  Wed, 21 Jun 2017 18:00:00 +0000

synthv1 (0.8.2-32) unstable; urgency=low

  * Pre-LAC2017 release frenzy.

 -- Rui Nuno Capela <rncbc@rncbc.org>  Tue,  2 May 2017 19:00:00 +0000

synthv1 (0.8.1-31) unstable; urgency=low

  * A Spring'17 release.

 -- Rui Nuno Capela <rncbc@rncbc.org>  Tue, 21 Mar 2017 12:00:00 +0000

synthv1 (0.8.0-30) unstable; urgency=low

  * A Fall'16 release.

 -- Rui Nuno Capela <rncbc@rncbc.org>  Thu, 17 Nov 2016 12:00:00 +0000

synthv1 (0.7.6-29) unstable; urgency=low

  * The eleventh official beta.

 -- Rui Nuno Capela <rncbc@rncbc.org>  Mon, 19 Sep 2016 12:00:00 +0100

synthv1 (0.7.5-28) unstable; urgency=low

  * The tenth official beta.

 -- Rui Nuno Capela <rncbc@rncbc.org>  Thu, 16 Jun 2016 18:30:00 +0100

synthv1 (0.7.4-27) unstable; urgency=low

  * The ninth-bis official beta.

 -- Rui Nuno Capela <rncbc@rncbc.org>  Wed,  2 Mar 2016 18:30:00 +0100

synthv1 (0.7.3-26) unstable; urgency=low

  * The ninth official beta.

 -- Rui Nuno Capela <rncbc@rncbc.org>  Mon, 22 Feb 2016 19:00:00 +0100

synthv1 (0.7.2-25) unstable; urgency=low

  * The eighth official beta.

 -- Rui Nuno Capela <rncbc@rncbc.org>  Fri,  4 Dec 2015 18:30:00 +0100

synthv1 (0.7.1-24) unstable; urgency=low

  * A seventh-bis official beta.

 -- Rui Nuno Capela <rncbc@rncbc.org>  Mon, 24 Aug 2015 19:00:00 +0100

synthv1 (0.7.0-23) unstable; urgency=low

  * A seventh official beta.

 -- Rui Nuno Capela <rncbc@rncbc.org>  Fri, 24 Jul 2015 19:00:00 +0100

synthv1 (0.6.3-22) unstable; urgency=low

  * A sixth official beta.

 -- Rui Nuno Capela <rncbc@rncbc.org>  Sat,  9 May 2015 11:00:00 +0100

synthv1 (0.6.2-21) unstable; urgency=low

  * A fifth official beta.

 -- Rui Nuno Capela <rncbc@rncbc.org>  Thu, 30 Apr 2015 18:30:00 +0100

synthv1 (0.6.1-20) unstable; urgency=low

  * A fourth official beta.

 -- Rui Nuno Capela <rncbc@rncbc.org>  Mon,  9 Mar 2015 18:30:00 +0100

synthv1 (0.6.0-19) unstable; urgency=low

  * A third official beta.

 -- Rui Nuno Capela <rncbc@rncbc.org>  Fri, 23 Jan 2015 18:30:00 +0100

synthv1 (0.5.1-18) unstable; urgency=low

  * One second official beta.

 -- Rui Nuno Capela <rncbc@rncbc.org>  Fri, 12 Sep 2014 18:00:00 +0100

synthv1 (0.5.0-17) unstable; urgency=low

  * Officially beta now.

 -- Rui Nuno Capela <rncbc@rncbc.org>  Mon, 30 Jun 2014 18:00:00 +0100

synthv1 (0.4.2-16) unstable; urgency=low

  * A pre-LAC frenzy beta.

 -- Rui Nuno Capela <rncbc@rncbc.org>  Tue, 29 Apr 2014 18:30:00 +0100

synthv1 (0.4.1-15) unstable; urgency=low

  * A proto-beta bis.

 -- Rui Nuno Capela <rncbc@rncbc.org>  Mon,  7 Apr 2014 18:30:00 +0100

synthv1 (0.4.0-14) unstable; urgency=low

  * A proto-beta party.

 -- Rui Nuno Capela <rncbc@rncbc.org>  Thu,  6 Mar 2014 18:00:00 +0100

synthv1 (0.3.6-13) unstable; urgency=low

  * A fifth of a Jubilee release.

 -- Rui Nuno Capela <rncbc@rncbc.org>  Tue, 31 Dec 2013 12:00:00 +0100

synthv1 (0.3.5-12) unstable; urgency=low

  * Fall greetings release.

 -- Rui Nuno Capela <rncbc@rncbc.org>  Mon, 30 Sep 2013 19:00:00 +0000

synthv1 (0.3.4-11) unstable; urgency=low

  * Brand new icon ready.

 -- Rui Nuno Capela <rncbc@rncbc.org>  Tue, 16 Jul 2013 18:30:00 +0000

synthv1 (0.3.3-10) unstable; urgency=low

  * Late spring blossoming.

 -- Rui Nuno Capela <rncbc@rncbc.org>  Fri, 31 May 2013 18:30:00 +0000

synthv1 (0.3.2-9) unstable; urgency=low

  * One third bug-fix release.

 -- Rui Nuno Capela <rncbc@rncbc.org>  Fri,  1 Mar 2013 18:00:00 +0000

synthv1 (0.3.1-8) unstable; urgency=low

  * One second bug-fix release.

 -- Rui Nuno Capela <rncbc@rncbc.org>  Fri,  8 Dec 2013 18:00:00 +0000

synthv1 (0.3.0-7) unstable; urgency=low

  * Third coming release.

 -- Rui Nuno Capela <rncbc@rncbc.org>  Fri, 21 Dec 2012 18:00:00 +0000

synthv1 (0.2.0-6) unstable; urgency=low

  * Second public release.

 -- Rui Nuno Capela <rncbc@rncbc.org>  Thu, 22 Nov 2012 18:00:00 +0000

synthv1 (0.1.1-5) unstable; urgency=low

  * One first bug-fix release.

 -- Rui Nuno Capela <rncbc@rncbc.org>  Mon, 24 Sep 2012 12:00:00 +0000

synthv1 (0.1.0-4) unstable; urgency=low

  * First true official release.

 -- Rui Nuno Capela <rncbc@rncbc.org>  Mon, 10 Sep 2012 12:00:00 +0000

synthv1 (0.0.9-3) unstable; urgency=low

  * Post-vacation relax: improved polyphony, preset salvage.

 -- Rui Nuno Capela <rncbc@rncbc.org>  Mon, 27 Aug 2012 18:00:00 +0000

synthv1 (0.0.8-2) unstable; urgency=low

  * Proto-Icon, Desktop file and Help About menus added.

 -- Rui Nuno Capela <rncbc@rncbc.org>  Sun, 15 Jul 2012 00:00:00 +0000

synthv1 (0.0.7-1) unstable; urgency=low

  * Initial debianization

 -- Rui Nuno Capela <rncbc@rncbc.org>  Sun,  8 Jul 2012 12:00:00 +0000

